Algorithm,Success Rate,Average Path Length,Average Planning Time,Average Node Count
Basic RRT,1.0,17.428,0.00716980504989624,17.428
Spacing-aware RRT,1.0,17.318,0.00607775592803955,17.318
Greedy RRT,1.0,15.638,0.00047481513023376465,15.638
