Algorithm,Success Rate,Average Path Length,Average Planning Time,Average Node Count
Basic RRT,1.0,17.32,0.007578310489654541,17.32
Spacing-aware RRT,1.0,17.401,0.005886124610900879,17.401
Greedy RRT,1.0,15.696,0.0004324195384979248,15.696
